site,year,doy,lat,long,evi_sg
SampleSite,2010,1,50.677276,-3.370504,0.382373097
SampleSite,2010,9,50.677276,-3.370504,0.411849116
SampleSite,2010,17,50.677276,-3.370504,0.365678281
SampleSite,2010,25,50.677276,-3.370504,0.287383505
SampleSite,2010,33,50.677276,-3.370504,0.236580708
SampleSite,2010,41,50.677276,-3.370504,0.284958453
SampleSite,2010,49,50.677276,-3.370504,0.28589926
SampleSite,2010,57,50.677276,-3.370504,0.282102715
SampleSite,2010,65,50.677276,-3.370504,0.271816331
SampleSite,2010,73,50.677276,-3.370504,0.22641559
SampleSite,2010,81,50.677276,-3.370504,0.226638667
SampleSite,2010,89,50.677276,-3.370504,0.269635952
SampleSite,2010,97,50.677276,-3.370504,0.356153517
SampleSite,2010,105,50.677276,-3.370504,0.347736981
SampleSite,2010,113,50.677276,-3.370504,0.320439079
SampleSite,2010,121,50.677276,-3.370504,0.355869766
SampleSite,2010,129,50.677276,-3.370504,0.492293089
SampleSite,2010,137,50.677276,-3.370504,0.571390621
SampleSite,2010,145,50.677276,-3.370504,0.59689058
SampleSite,2010,153,50.677276,-3.370504,0.525116413
SampleSite,2010,161,50.677276,-3.370504,0.649305019
SampleSite,2010,169,50.677276,-3.370504,0.626200411
SampleSite,2010,177,50.677276,-3.370504,0.52618515
SampleSite,2010,185,50.677276,-3.370504,0.43837717
SampleSite,2010,193,50.677276,-3.370504,0.426705759
SampleSite,2010,201,50.677276,-3.370504,0.452450473
SampleSite,2010,209,50.677276,-3.370504,0.542660798
SampleSite,2010,217,50.677276,-3.370504,0.569603497
SampleSite,2010,225,50.677276,-3.370504,0.703857548
SampleSite,2010,233,50.677276,-3.370504,0.567389675
SampleSite,2010,241,50.677276,-3.370504,0.413156726
SampleSite,2010,249,50.677276,-3.370504,0.389869478
SampleSite,2010,257,50.677276,-3.370504,0.477804237
SampleSite,2010,265,50.677276,-3.370504,0.539276759
SampleSite,2010,273,50.677276,-3.370504,0.544961785
SampleSite,2010,281,50.677276,-3.370504,0.474367297
SampleSite,2010,289,50.677276,-3.370504,0.512556273
SampleSite,2010,297,50.677276,-3.370504,0.46043587
SampleSite,2010,305,50.677276,-3.370504,0.411869313
SampleSite,2010,313,50.677276,-3.370504,0.318008392
SampleSite,2010,321,50.677276,-3.370504,0.273533032
SampleSite,2010,329,50.677276,-3.370504,0.319293418
SampleSite,2010,337,50.677276,-3.370504,0.249894447
SampleSite,2010,345,50.677276,-3.370504,0.163224188
SampleSite,2010,353,50.677276,-3.370504,0.170089757
SampleSite,2010,361,50.677276,-3.370504,0.248359605
SampleSite,2011,1,50.677276,-3.370504,0.321590827
SampleSite,2011,9,50.677276,-3.370504,0.318216125
SampleSite,2011,17,50.677276,-3.370504,0.269714768
SampleSite,2011,25,50.677276,-3.370504,0.264250967
SampleSite,2011,33,50.677276,-3.370504,0.274098231
SampleSite,2011,41,50.677276,-3.370504,0.309805471
SampleSite,2011,49,50.677276,-3.370504,0.376085068
SampleSite,2011,57,50.677276,-3.370504,0.38039926
SampleSite,2011,65,50.677276,-3.370504,0.298288688
SampleSite,2011,73,50.677276,-3.370504,0.306349691
SampleSite,2011,81,50.677276,-3.370504,0.372714356
SampleSite,2011,89,50.677276,-3.370504,0.434635212
SampleSite,2011,97,50.677276,-3.370504,0.476850391
SampleSite,2011,105,50.677276,-3.370504,0.404432332
SampleSite,2011,113,50.677276,-3.370504,0.449713575
SampleSite,2011,121,50.677276,-3.370504,0.538775771
SampleSite,2011,129,50.677276,-3.370504,0.617758124
SampleSite,2011,137,50.677276,-3.370504,0.67268153
SampleSite,2011,145,50.677276,-3.370504,0.630387166
SampleSite,2011,153,50.677276,-3.370504,0.578612752
SampleSite,2011,161,50.677276,-3.370504,0.564154175
SampleSite,2011,169,50.677276,-3.370504,0.563038297
SampleSite,2011,177,50.677276,-3.370504,0.640996421
SampleSite,2011,185,50.677276,-3.370504,0.632772357
SampleSite,2011,193,50.677276,-3.370504,0.549718675
SampleSite,2011,201,50.677276,-3.370504,0.503870259
SampleSite,2011,209,50.677276,-3.370504,0.493553558
SampleSite,2011,217,50.677276,-3.370504,0.509682805
SampleSite,2011,225,50.677276,-3.370504,0.593580378
SampleSite,2011,233,50.677276,-3.370504,0.542743891
SampleSite,2011,241,50.677276,-3.370504,0.444326903
SampleSite,2011,249,50.677276,-3.370504,0.341040271
SampleSite,2011,257,50.677276,-3.370504,0.394922666
SampleSite,2011,265,50.677276,-3.370504,0.424140642
SampleSite,2011,273,50.677276,-3.370504,0.391175319
SampleSite,2011,281,50.677276,-3.370504,0.270159687
SampleSite,2011,289,50.677276,-3.370504,0.34130506
SampleSite,2011,297,50.677276,-3.370504,0.396731098
SampleSite,2011,305,50.677276,-3.370504,0.397530522
SampleSite,2011,313,50.677276,-3.370504,0.256411806
SampleSite,2011,321,50.677276,-3.370504,0.244706376
SampleSite,2011,329,50.677276,-3.370504,0.269821802
SampleSite,2011,337,50.677276,-3.370504,0.3446181
SampleSite,2011,345,50.677276,-3.370504,0.351006623
SampleSite,2011,353,50.677276,-3.370504,0.340097655
SampleSite,2011,361,50.677276,-3.370504,0.327308597
SampleSite,2012,1,50.677276,-3.370504,0.357082805
SampleSite,2012,9,50.677276,-3.370504,0.333106828
SampleSite,2012,17,50.677276,-3.370504,0.306100782
SampleSite,2012,25,50.677276,-3.370504,0.277450103
SampleSite,2012,33,50.677276,-3.370504,0.274186796
SampleSite,2012,41,50.677276,-3.370504,0.306854998
SampleSite,2012,49,50.677276,-3.370504,0.343960181
SampleSite,2012,57,50.677276,-3.370504,0.404967215
SampleSite,2012,65,50.677276,-3.370504,0.399060675
SampleSite,2012,73,50.677276,-3.370504,0.36654422
SampleSite,2012,81,50.677276,-3.370504,0.333127972
SampleSite,2012,89,50.677276,-3.370504,0.301073591
SampleSite,2012,97,50.677276,-3.370504,0.305096503
SampleSite,2012,105,50.677276,-3.370504,0.327342657
SampleSite,2012,113,50.677276,-3.370504,0.364879227
SampleSite,2012,121,50.677276,-3.370504,0.434024887
SampleSite,2012,129,50.677276,-3.370504,0.451039449
SampleSite,2012,137,50.677276,-3.370504,0.497617153
SampleSite,2012,145,50.677276,-3.370504,0.52846594
SampleSite,2012,153,50.677276,-3.370504,0.531034883
SampleSite,2012,161,50.677276,-3.370504,0.604370383
SampleSite,2012,169,50.677276,-3.370504,0.557852694
SampleSite,2012,177,50.677276,-3.370504,0.468973879
SampleSite,2012,185,50.677276,-3.370504,0.455161415
SampleSite,2012,193,50.677276,-3.370504,0.452268655
SampleSite,2012,201,50.677276,-3.370504,0.63002571
SampleSite,2012,209,50.677276,-3.370504,0.576727849
SampleSite,2012,217,50.677276,-3.370504,0.444773591
SampleSite,2012,225,50.677276,-3.370504,0.533749691
SampleSite,2012,233,50.677276,-3.370504,0.573530029
SampleSite,2012,241,50.677276,-3.370504,0.632089428
SampleSite,2012,249,50.677276,-3.370504,0.531863719
SampleSite,2012,257,50.677276,-3.370504,0.349083299
SampleSite,2012,265,50.677276,-3.370504,0.389180173
SampleSite,2012,273,50.677276,-3.370504,0.404657713
SampleSite,2012,281,50.677276,-3.370504,0.430368367
SampleSite,2012,289,50.677276,-3.370504,0.463909214
SampleSite,2012,297,50.677276,-3.370504,0.396692061
SampleSite,2012,305,50.677276,-3.370504,0.439072768
SampleSite,2012,313,50.677276,-3.370504,0.408643233
SampleSite,2012,321,50.677276,-3.370504,0.407787988
SampleSite,2012,329,50.677276,-3.370504,0.389023941
SampleSite,2012,337,50.677276,-3.370504,0.38744636
SampleSite,2012,345,50.677276,-3.370504,0.346281078
SampleSite,2012,353,50.677276,-3.370504,0.258559811
SampleSite,2012,361,50.677276,-3.370504,0.166452735
SampleSite,2013,1,50.677276,-3.370504,0.202694159
SampleSite,2013,9,50.677276,-3.370504,0.307462526
SampleSite,2013,17,50.677276,-3.370504,0.397100617
SampleSite,2013,25,50.677276,-3.370504,0.357795557
SampleSite,2013,33,50.677276,-3.370504,0.282603497
SampleSite,2013,41,50.677276,-3.370504,0.245697943
SampleSite,2013,49,50.677276,-3.370504,0.282407651
SampleSite,2013,57,50.677276,-3.370504,0.334950761
SampleSite,2013,65,50.677276,-3.370504,0.305770547
SampleSite,2013,73,50.677276,-3.370504,0.299011024
SampleSite,2013,81,50.677276,-3.370504,0.250138462
SampleSite,2013,89,50.677276,-3.370504,0.240130605
SampleSite,2013,97,50.677276,-3.370504,0.313404401
SampleSite,2013,105,50.677276,-3.370504,0.348191444
SampleSite,2013,113,50.677276,-3.370504,0.372530029
SampleSite,2013,121,50.677276,-3.370504,0.382395228
SampleSite,2013,129,50.677276,-3.370504,0.392605594
SampleSite,2013,137,50.677276,-3.370504,0.502720156
SampleSite,2013,145,50.677276,-3.370504,0.536661538
SampleSite,2013,153,50.677276,-3.370504,0.573940313
SampleSite,2013,161,50.677276,-3.370504,0.608486713
SampleSite,2013,169,50.677276,-3.370504,0.605910983
SampleSite,2013,177,50.677276,-3.370504,0.612374455
SampleSite,2013,185,50.677276,-3.370504,0.613505882
SampleSite,2013,193,50.677276,-3.370504,0.571574455
SampleSite,2013,201,50.677276,-3.370504,0.529959153
SampleSite,2013,209,50.677276,-3.370504,0.492251584
SampleSite,2013,217,50.677276,-3.370504,0.561637351
SampleSite,2013,225,50.677276,-3.370504,0.561299301
SampleSite,2013,233,50.677276,-3.370504,0.623693912
SampleSite,2013,241,50.677276,-3.370504,0.541799835
SampleSite,2013,249,50.677276,-3.370504,0.424195475
SampleSite,2013,257,50.677276,-3.370504,0.382647347
SampleSite,2013,265,50.677276,-3.370504,0.424525216
SampleSite,2013,273,50.677276,-3.370504,0.510589881
SampleSite,2013,281,50.677276,-3.370504,0.550178198
SampleSite,2013,289,50.677276,-3.370504,0.452205677
SampleSite,2013,297,50.677276,-3.370504,0.431771164
SampleSite,2013,305,50.677276,-3.370504,0.367395928
SampleSite,2013,313,50.677276,-3.370504,0.30016339
SampleSite,2013,321,50.677276,-3.370504,0.286899218
SampleSite,2013,329,50.677276,-3.370504,0.308896833
SampleSite,2013,337,50.677276,-3.370504,0.351528589
SampleSite,2013,345,50.677276,-3.370504,0.341983422
SampleSite,2013,353,50.677276,-3.370504,0.347240642
SampleSite,2013,361,50.677276,-3.370504,0.320220938
SampleSite,2014,1,50.677276,-3.370504,0.309700494
SampleSite,2014,9,50.677276,-3.370504,0.282061127
SampleSite,2014,17,50.677276,-3.370504,0.254089675
SampleSite,2014,25,50.677276,-3.370504,0.264905965
SampleSite,2014,33,50.677276,-3.370504,0.31074965
SampleSite,2014,41,50.677276,-3.370504,0.316760921
SampleSite,2014,49,50.677276,-3.370504,0.356073385
SampleSite,2014,57,50.677276,-3.370504,0.361058453
SampleSite,2014,65,50.677276,-3.370504,0.361280337
SampleSite,2014,73,50.677276,-3.370504,0.338932867
SampleSite,2014,81,50.677276,-3.370504,0.266377787
SampleSite,2014,89,50.677276,-3.370504,0.331065734
SampleSite,2014,97,50.677276,-3.370504,0.418315138
SampleSite,2014,105,50.677276,-3.370504,0.434183258
SampleSite,2014,113,50.677276,-3.370504,0.462401028
SampleSite,2014,121,50.677276,-3.370504,0.502620732
SampleSite,2014,129,50.677276,-3.370504,0.583848293
SampleSite,2014,137,50.677276,-3.370504,0.638142411
SampleSite,2014,145,50.677276,-3.370504,0.622095557
SampleSite,2014,153,50.677276,-3.370504,0.6502884
SampleSite,2014,161,50.677276,-3.370504,0.650249074
SampleSite,2014,169,50.677276,-3.370504,0.638139696
SampleSite,2014,177,50.677276,-3.370504,0.624010078
SampleSite,2014,185,50.677276,-3.370504,0.63457499
SampleSite,2014,193,50.677276,-3.370504,0.627094735
SampleSite,2014,201,50.677276,-3.370504,0.692180173
SampleSite,2014,209,50.677276,-3.370504,0.645571452
SampleSite,2014,217,50.677276,-3.370504,0.454278404
SampleSite,2014,225,50.677276,-3.370504,0.343116372
SampleSite,2014,233,50.677276,-3.370504,0.417111724
SampleSite,2014,241,50.677276,-3.370504,0.513914603
SampleSite,2014,249,50.677276,-3.370504,0.589335335
SampleSite,2014,257,50.677276,-3.370504,0.514849116
SampleSite,2014,265,50.677276,-3.370504,0.568945537
SampleSite,2014,273,50.677276,-3.370504,0.506821637
SampleSite,2014,281,50.677276,-3.370504,0.366479761
SampleSite,2014,289,50.677276,-3.370504,0.343190292
SampleSite,2014,297,50.677276,-3.370504,0.391498725
SampleSite,2014,305,50.677276,-3.370504,0.419587371
SampleSite,2014,313,50.677276,-3.370504,0.396265817
SampleSite,2014,321,50.677276,-3.370504,0.380621267
SampleSite,2014,329,50.677276,-3.370504,0.33792246
SampleSite,2014,337,50.677276,-3.370504,0.243319005
SampleSite,2014,345,50.677276,-3.370504,0.187301316
SampleSite,2014,353,50.677276,-3.370504,0.248839901
SampleSite,2014,361,50.677276,-3.370504,0.343751954
SampleSite,2015,1,50.677276,-3.370504,0.386868902
SampleSite,2015,9,50.677276,-3.370504,0.33166195
SampleSite,2015,17,50.677276,-3.370504,0.333189017
SampleSite,2015,25,50.677276,-3.370504,0.328549074
SampleSite,2015,33,50.677276,-3.370504,0.307289552
SampleSite,2015,41,50.677276,-3.370504,0.263636323
SampleSite,2015,49,50.677276,-3.370504,0.231138174
SampleSite,2015,57,50.677276,-3.370504,0.267619786
SampleSite,2015,65,50.677276,-3.370504,0.336424928
SampleSite,2015,73,50.677276,-3.370504,0.314745701
SampleSite,2015,81,50.677276,-3.370504,0.286984286
SampleSite,2015,89,50.677276,-3.370504,0.289605348
SampleSite,2015,97,50.677276,-3.370504,0.335790498
SampleSite,2015,105,50.677276,-3.370504,0.362099342
SampleSite,2015,113,50.677276,-3.370504,0.441687577
SampleSite,2015,121,50.677276,-3.370504,0.499522748
SampleSite,2015,129,50.677276,-3.370504,0.517930893
SampleSite,2015,137,50.677276,-3.370504,0.479535788
SampleSite,2015,145,50.677276,-3.370504,0.512490415
SampleSite,2015,153,50.677276,-3.370504,0.569057548
SampleSite,2015,161,50.677276,-3.370504,0.618628589
SampleSite,2015,169,50.677276,-3.370504,0.550499301
SampleSite,2015,177,50.677276,-3.370504,0.591713739
SampleSite,2015,185,50.677276,-3.370504,0.636494447
SampleSite,2015,193,50.677276,-3.370504,0.664184821
SampleSite,2015,201,50.677276,-3.370504,0.641908926
SampleSite,2015,209,50.677276,-3.370504,0.613506006
SampleSite,2015,217,50.677276,-3.370504,0.599817812
SampleSite,2015,225,50.677276,-3.370504,0.579259153
SampleSite,2015,233,50.677276,-3.370504,0.555895146
SampleSite,2015,241,50.677276,-3.370504,0.571431304
SampleSite,2015,249,50.677276,-3.370504,0.549554052
SampleSite,2015,257,50.677276,-3.370504,0.530732127
SampleSite,2015,265,50.677276,-3.370504,0.459933854
SampleSite,2015,273,50.677276,-3.370504,0.486898601
SampleSite,2015,281,50.677276,-3.370504,0.532572974
SampleSite,2015,289,50.677276,-3.370504,0.431384944
SampleSite,2015,297,50.677276,-3.370504,0.263659276
SampleSite,2015,305,50.677276,-3.370504,0.190039202
SampleSite,2015,313,50.677276,-3.370504,0.267940889
SampleSite,2015,321,50.677276,-3.370504,0.362073673
SampleSite,2015,329,50.677276,-3.370504,0.357975648
SampleSite,2015,337,50.677276,-3.370504,0.306966269
SampleSite,2015,345,50.677276,-3.370504,0.274336775
SampleSite,2015,353,50.677276,-3.370504,0.247207816
SampleSite,2015,361,50.677276,-3.370504,0.247849979
SampleSite,2016,1,50.677276,-3.370504,0.261744426
SampleSite,2016,9,50.677276,-3.370504,0.330403743
SampleSite,2016,17,50.677276,-3.370504,0.350410448
SampleSite,2016,25,50.677276,-3.370504,0.352415714
SampleSite,2016,33,50.677276,-3.370504,0.32758696
SampleSite,2016,41,50.677276,-3.370504,0.32761123
SampleSite,2016,49,50.677276,-3.370504,0.345616578
SampleSite,2016,57,50.677276,-3.370504,0.367887166
SampleSite,2016,65,50.677276,-3.370504,0.286549116
SampleSite,2016,73,50.677276,-3.370504,0.283580461
SampleSite,2016,81,50.677276,-3.370504,0.367764582
SampleSite,2016,89,50.677276,-3.370504,0.428848869
SampleSite,2016,97,50.677276,-3.370504,0.422184081
SampleSite,2016,105,50.677276,-3.370504,0.366572851
SampleSite,2016,113,50.677276,-3.370504,0.369302797
SampleSite,2016,121,50.677276,-3.370504,0.47061991
SampleSite,2016,129,50.677276,-3.370504,0.492517647
SampleSite,2016,137,50.677276,-3.370504,0.59818914
SampleSite,2016,145,50.677276,-3.370504,0.559252777
SampleSite,2016,153,50.677276,-3.370504,0.502969724
SampleSite,2016,161,50.677276,-3.370504,0.417930522
SampleSite,2016,169,50.677276,-3.370504,0.409309543
SampleSite,2016,177,50.677276,-3.370504,0.474549033
SampleSite,2016,185,50.677276,-3.370504,0.670635747
SampleSite,2016,193,50.677276,-3.370504,0.612100699
SampleSite,2016,201,50.677276,-3.370504,0.548936199
SampleSite,2016,209,50.677276,-3.370504,0.448962896
SampleSite,2016,217,50.677276,-3.370504,0.49020181
SampleSite,2016,225,50.677276,-3.370504,0.652367503
SampleSite,2016,233,50.677276,-3.370504,0.602985891
SampleSite,2016,241,50.677276,-3.370504,0.380555204
SampleSite,2016,249,50.677276,-3.370504,0.351166722
SampleSite,2016,257,50.677276,-3.370504,0.447881119
SampleSite,2016,265,50.677276,-3.370504,0.590604031
SampleSite,2016,273,50.677276,-3.370504,0.554594077
SampleSite,2016,281,50.677276,-3.370504,0.358611107
SampleSite,2016,289,50.677276,-3.370504,0.311056355
SampleSite,2016,297,50.677276,-3.370504,0.33987392
SampleSite,2016,305,50.677276,-3.370504,0.423074167
SampleSite,2016,313,50.677276,-3.370504,0.403859235
SampleSite,2016,321,50.677276,-3.370504,0.337507075
SampleSite,2016,329,50.677276,-3.370504,0.296119334
SampleSite,2016,337,50.677276,-3.370504,0.301077705
SampleSite,2016,345,50.677276,-3.370504,0.330403949
SampleSite,2016,353,50.677276,-3.370504,0.306679556
SampleSite,2016,361,50.677276,-3.370504,0.259703167
SampleSite,2017,1,50.677276,-3.370504,0.235587413
SampleSite,2017,9,50.677276,-3.370504,0.261061909
SampleSite,2017,17,50.677276,-3.370504,0.255717688
SampleSite,2017,25,50.677276,-3.370504,0.267730522
SampleSite,2017,33,50.677276,-3.370504,0.300791485
SampleSite,2017,41,50.677276,-3.370504,0.364151378
SampleSite,2017,49,50.677276,-3.370504,0.420599136
SampleSite,2017,57,50.677276,-3.370504,0.407888112
SampleSite,2017,65,50.677276,-3.370504,0.402933073
SampleSite,2017,73,50.677276,-3.370504,0.406018881
SampleSite,2017,81,50.677276,-3.370504,0.384396545
SampleSite,2017,89,50.677276,-3.370504,0.389667873
SampleSite,2017,97,50.677276,-3.370504,0.417578856
SampleSite,2017,105,50.677276,-3.370504,0.436337968
SampleSite,2017,113,50.677276,-3.370504,0.447497532
SampleSite,2017,121,50.677276,-3.370504,0.459861374
SampleSite,2017,129,50.677276,-3.370504,0.54442571
SampleSite,2017,137,50.677276,-3.370504,0.620683217
SampleSite,2017,145,50.677276,-3.370504,0.633623941
SampleSite,2017,153,50.677276,-3.370504,0.604854134
SampleSite,2017,161,50.677276,-3.370504,0.602146894
SampleSite,2017,169,50.677276,-3.370504,0.592103167
SampleSite,2017,177,50.677276,-3.370504,0.569011107
SampleSite,2017,185,50.677276,-3.370504,0.644278198
SampleSite,2017,193,50.677276,-3.370504,0.607404936
SampleSite,2017,201,50.677276,-3.370504,0.512187248
SampleSite,2017,209,50.677276,-3.370504,0.464336652
SampleSite,2017,217,50.677276,-3.370504,0.512669478
SampleSite,2017,225,50.677276,-3.370504,0.565609461
SampleSite,2017,233,50.677276,-3.370504,0.62698914
SampleSite,2017,241,50.677276,-3.370504,0.596652612
SampleSite,2017,249,50.677276,-3.370504,0.64189926
SampleSite,2017,257,50.677276,-3.370504,0.648319334
SampleSite,2017,265,50.677276,-3.370504,0.525081818
SampleSite,2017,273,50.677276,-3.370504,0.359272522
SampleSite,2017,281,50.677276,-3.370504,0.347154669
SampleSite,2017,289,50.677276,-3.370504,0.348271493
SampleSite,2017,297,50.677276,-3.370504,0.384154011
SampleSite,2017,305,50.677276,-3.370504,0.359547552
SampleSite,2017,313,50.677276,-3.370504,0.31521522
SampleSite,2017,321,50.677276,-3.370504,0.395533114
SampleSite,2017,329,50.677276,-3.370504,0.39619239
SampleSite,2017,337,50.677276,-3.370504,0.295883834
SampleSite,2017,345,50.677276,-3.370504,0.263869971
SampleSite,2017,353,50.677276,-3.370504,0.286783752
SampleSite,2017,361,50.677276,-3.370504,0.328500288
SampleSite,2018,1,50.677276,-3.370504,0.300061086
SampleSite,2018,9,50.677276,-3.370504,0.281227355
SampleSite,2018,17,50.677276,-3.370504,0.309018593
SampleSite,2018,25,50.677276,-3.370504,0.322542369
SampleSite,2018,33,50.677276,-3.370504,0.314271452
SampleSite,2018,41,50.677276,-3.370504,0.345219169
SampleSite,2018,49,50.677276,-3.370504,0.345743645
SampleSite,2018,57,50.677276,-3.370504,0.248203455
SampleSite,2018,65,50.677276,-3.370504,0.128993789
SampleSite,2018,73,50.677276,-3.370504,0.117733237
SampleSite,2018,81,50.677276,-3.370504,0.286857631
SampleSite,2018,89,50.677276,-3.370504,0.395061374
SampleSite,2018,97,50.677276,-3.370504,0.396851213
SampleSite,2018,105,50.677276,-3.370504,0.404959523
SampleSite,2018,113,50.677276,-3.370504,0.487773385
SampleSite,2018,121,50.677276,-3.370504,0.542481942
SampleSite,2018,129,50.677276,-3.370504,0.548244879
SampleSite,2018,137,50.677276,-3.370504,0.510136528
SampleSite,2018,145,50.677276,-3.370504,0.558621473
SampleSite,2018,153,50.677276,-3.370504,0.596593418
SampleSite,2018,161,50.677276,-3.370504,0.62500181
SampleSite,2018,169,50.677276,-3.370504,0.633106499
SampleSite,2018,177,50.677276,-3.370504,0.587692637
SampleSite,2018,185,50.677276,-3.370504,0.550910613
SampleSite,2018,193,50.677276,-3.370504,0.537572316
SampleSite,2018,201,50.677276,-3.370504,0.573416742
SampleSite,2018,209,50.677276,-3.370504,0.551947141
SampleSite,2018,217,50.677276,-3.370504,0.483499877
SampleSite,2018,225,50.677276,-3.370504,0.44847898
SampleSite,2018,233,50.677276,-3.370504,0.506250638
SampleSite,2018,241,50.677276,-3.370504,0.559840271
SampleSite,2018,249,50.677276,-3.370504,0.557781983
SampleSite,2018,257,50.677276,-3.370504,0.5099116
SampleSite,2018,265,50.677276,-3.370504,0.476880378
SampleSite,2018,273,50.677276,-3.370504,0.476896627
SampleSite,2018,281,50.677276,-3.370504,0.453871905
SampleSite,2018,289,50.677276,-3.370504,0.486675072
SampleSite,2018,297,50.677276,-3.370504,0.46645035
SampleSite,2018,305,50.677276,-3.370504,0.491951831
SampleSite,2018,313,50.677276,-3.370504,0.350026532
SampleSite,2018,321,50.677276,-3.370504,0.300228013
SampleSite,2018,329,50.677276,-3.370504,0.235894282
SampleSite,2018,337,50.677276,-3.370504,0.226450926
SampleSite,2018,345,50.677276,-3.370504,0.227923529
SampleSite,2018,353,50.677276,-3.370504,0.32729675
SampleSite,2018,361,50.677276,-3.370504,0.411224969
SampleSite,2019,1,50.677276,-3.370504,0.429753599
SampleSite,2019,9,50.677276,-3.370504,0.303576841
SampleSite,2019,17,50.677276,-3.370504,0.34291086
SampleSite,2019,25,50.677276,-3.370504,0.35112102
SampleSite,2019,33,50.677276,-3.370504,0.353896709
SampleSite,2019,41,50.677276,-3.370504,0.287233854
SampleSite,2019,49,50.677276,-3.370504,0.270168696
SampleSite,2019,57,50.677276,-3.370504,0.322931098
SampleSite,2019,65,50.677276,-3.370504,0.328309749
SampleSite,2019,73,50.677276,-3.370504,0.292200041
SampleSite,2019,81,50.677276,-3.370504,0.303825915
SampleSite,2019,89,50.677276,-3.370504,0.302860633
SampleSite,2019,97,50.677276,-3.370504,0.40571559
SampleSite,2019,105,50.677276,-3.370504,0.493735047
SampleSite,2019,113,50.677276,-3.370504,0.538391032
SampleSite,2019,121,50.677276,-3.370504,0.523011436
SampleSite,2019,129,50.677276,-3.370504,0.511558289
SampleSite,2019,137,50.677276,-3.370504,0.535431756
SampleSite,2019,145,50.677276,-3.370504,0.590863677
SampleSite,2019,153,50.677276,-3.370504,0.584168285
SampleSite,2019,161,50.677276,-3.370504,0.558644303
SampleSite,2019,169,50.677276,-3.370504,0.562628219
SampleSite,2019,177,50.677276,-3.370504,0.565955409
SampleSite,2019,185,50.677276,-3.370504,0.561270259
SampleSite,2019,193,50.677276,-3.370504,0.549639325
SampleSite,2019,201,50.677276,-3.370504,0.551944632
SampleSite,2019,209,50.677276,-3.370504,0.549342369
SampleSite,2019,217,50.677276,-3.370504,0.549488852
SampleSite,2019,225,50.677276,-3.370504,0.513797655
SampleSite,2019,233,50.677276,-3.370504,0.558016619
SampleSite,2019,241,50.677276,-3.370504,0.559718963
SampleSite,2019,249,50.677276,-3.370504,0.531733484
SampleSite,2019,257,50.677276,-3.370504,0.590980008
SampleSite,2019,265,50.677276,-3.370504,0.532152201
SampleSite,2019,273,50.677276,-3.370504,0.439805471
SampleSite,2019,281,50.677276,-3.370504,0.359676059
SampleSite,2019,289,50.677276,-3.370504,0.334591279
SampleSite,2019,297,50.677276,-3.370504,0.422493747
SampleSite,2019,305,50.677276,-3.370504,0.45392719
SampleSite,2019,313,50.677276,-3.370504,0.382909091
SampleSite,2019,321,50.677276,-3.370504,0.373582024
SampleSite,2019,329,50.677276,-3.370504,0.318540107
SampleSite,2019,337,50.677276,-3.370504,0.313964706
SampleSite,2019,345,50.677276,-3.370504,0.293446401
SampleSite,2019,353,50.677276,-3.370504,0.30467935
SampleSite,2019,361,50.677276,-3.370504,0.319289469
SampleSite,2020,1,50.677276,-3.370504,0.323402386
SampleSite,2020,9,50.677276,-3.370504,0.318333854
SampleSite,2020,17,50.677276,-3.370504,0.329400905
SampleSite,2020,25,50.677276,-3.370504,0.287195845
SampleSite,2020,33,50.677276,-3.370504,0.233436035
SampleSite,2020,41,50.677276,-3.370504,0.198318593
SampleSite,2020,49,50.677276,-3.370504,0.264023735
SampleSite,2020,57,50.677276,-3.370504,0.334764377
SampleSite,2020,65,50.677276,-3.370504,0.38043225
SampleSite,2020,73,50.677276,-3.370504,0.355803579
SampleSite,2020,81,50.677276,-3.370504,0.375414932
SampleSite,2020,89,50.677276,-3.370504,0.344395187
SampleSite,2020,97,50.677276,-3.370504,0.37527137
SampleSite,2020,105,50.677276,-3.370504,0.472087988
SampleSite,2020,113,50.677276,-3.370504,0.589733566
SampleSite,2020,121,50.677276,-3.370504,0.622823283
SampleSite,2020,129,50.677276,-3.370504,0.629354422
SampleSite,2020,137,50.677276,-3.370504,0.586831016
SampleSite,2020,145,50.677276,-3.370504,0.573654833
SampleSite,2020,153,50.677276,-3.370504,0.579706129
SampleSite,2020,161,50.677276,-3.370504,0.603190827
SampleSite,2020,169,50.677276,-3.370504,0.626787042
SampleSite,2020,177,50.677276,-3.370504,0.598534101
SampleSite,2020,185,50.677276,-3.370504,0.555582312
SampleSite,2020,193,50.677276,-3.370504,0.578035747
SampleSite,2020,201,50.677276,-3.370504,0.624945701
SampleSite,2020,209,50.677276,-3.370504,0.612378075
SampleSite,2020,217,50.677276,-3.370504,0.607719704
SampleSite,2020,225,50.677276,-3.370504,0.582457096
SampleSite,2020,233,50.677276,-3.370504,0.575410983
SampleSite,2020,241,50.677276,-3.370504,0.561650679
SampleSite,2020,249,50.677276,-3.370504,0.532638215
SampleSite,2020,257,50.677276,-3.370504,0.507875689
SampleSite,2020,265,50.677276,-3.370504,0.492017524
SampleSite,2020,273,50.677276,-3.370504,0.44955109
SampleSite,2020,281,50.677276,-3.370504,0.432724188
SampleSite,2020,289,50.677276,-3.370504,0.451757096
SampleSite,2020,297,50.677276,-3.370504,0.438063102
SampleSite,2020,305,50.677276,-3.370504,0.390638009
SampleSite,2020,313,50.677276,-3.370504,0.333605306
SampleSite,2020,321,50.677276,-3.370504,0.315824517
SampleSite,2020,329,50.677276,-3.370504,0.323423982
SampleSite,2020,337,50.677276,-3.370504,0.308116413
SampleSite,2020,345,50.677276,-3.370504,0.282636487
SampleSite,2020,353,50.677276,-3.370504,0.306995023
SampleSite,2020,361,50.677276,-3.370504,0.301300123
SampleSite,2021,1,50.677276,-3.370504,0.352624558
SampleSite,2021,9,50.677276,-3.370504,0.360651172
SampleSite,2021,17,50.677276,-3.370504,0.310949568
SampleSite,2021,25,50.677276,-3.370504,0.271673385
SampleSite,2021,33,50.677276,-3.370504,0.280880913
SampleSite,2021,41,50.677276,-3.370504,0.312531098
SampleSite,2021,49,50.677276,-3.370504,0.324915837
SampleSite,2021,57,50.677276,-3.370504,0.258534348
SampleSite,2021,65,50.677276,-3.370504,0.311860633
SampleSite,2021,73,50.677276,-3.370504,0.364456643
SampleSite,2021,81,50.677276,-3.370504,0.35899675
SampleSite,2021,89,50.677276,-3.370504,0.29954603
SampleSite,2021,97,50.677276,-3.370504,0.326409379
SampleSite,2021,105,50.677276,-3.370504,0.371339572
SampleSite,2021,113,50.677276,-3.370504,0.42715578
SampleSite,2021,121,50.677276,-3.370504,0.420570835
SampleSite,2021,129,50.677276,-3.370504,0.433107939
SampleSite,2021,137,50.677276,-3.370504,0.463528507
SampleSite,2021,145,50.677276,-3.370504,0.528515097
SampleSite,2021,153,50.677276,-3.370504,0.534382517
SampleSite,2021,161,50.677276,-3.370504,0.590493583
SampleSite,2021,169,50.677276,-3.370504,0.638709914
SampleSite,2021,177,50.677276,-3.370504,0.653830234
SampleSite,2021,185,50.677276,-3.370504,0.664886384
SampleSite,2021,193,50.677276,-3.370504,0.571749938
SampleSite,2021,201,50.677276,-3.370504,0.484357507
SampleSite,2021,209,50.677276,-3.370504,0.446677334
SampleSite,2021,217,50.677276,-3.370504,0.461805306
SampleSite,2021,225,50.677276,-3.370504,0.52052501
SampleSite,2021,233,50.677276,-3.370504,0.533529329
SampleSite,2021,241,50.677276,-3.370504,0.491159029
SampleSite,2021,249,50.677276,-3.370504,0.522748457
SampleSite,2021,257,50.677276,-3.370504,0.548265817
SampleSite,2021,265,50.677276,-3.370504,0.550632538
SampleSite,2021,273,50.677276,-3.370504,0.490691444
SampleSite,2021,281,50.677276,-3.370504,0.422455944
SampleSite,2021,289,50.677276,-3.370504,0.398513122
SampleSite,2021,297,50.677276,-3.370504,0.383511024
SampleSite,2021,305,50.677276,-3.370504,0.379870177
SampleSite,2021,313,50.677276,-3.370504,0.303335335
SampleSite,2021,321,50.677276,-3.370504,0.298528342
SampleSite,2021,329,50.677276,-3.370504,0.338820814
SampleSite,2021,337,50.677276,-3.370504,0.397536693
SampleSite,2021,345,50.677276,-3.370504,0.371184492
SampleSite,2021,353,50.677276,-3.370504,0.291434348
SampleSite,2021,361,50.677276,-3.370504,0.254452365
SampleSite,2022,1,50.677276,-3.370504,0.333299095
SampleSite,2022,9,50.677276,-3.370504,0.333067133
SampleSite,2022,17,50.677276,-3.370504,0.32004965
SampleSite,2022,25,50.677276,-3.370504,0.332215919
SampleSite,2022,33,50.677276,-3.370504,0.385564994
SampleSite,2022,41,50.677276,-3.370504,0.397559358
SampleSite,2022,49,50.677276,-3.370504,0.343452489
SampleSite,2022,57,50.677276,-3.370504,0.29714566
SampleSite,2022,65,50.677276,-3.370504,0.317462773
SampleSite,2022,73,50.677276,-3.370504,0.342031551
SampleSite,2022,81,50.677276,-3.370504,0.371111929
SampleSite,2022,89,50.677276,-3.370504,0.391912217
SampleSite,2022,97,50.677276,-3.370504,0.44091522
SampleSite,2022,105,50.677276,-3.370504,0.473364788
SampleSite,2022,113,50.677276,-3.370504,0.513709955
SampleSite,2022,121,50.677276,-3.370504,0.575879761
SampleSite,2022,129,50.677276,-3.370504,0.628387495
SampleSite,2022,137,50.677276,-3.370504,0.610077088
SampleSite,2022,145,50.677276,-3.370504,0.623681818
SampleSite,2022,153,50.677276,-3.370504,0.615550309
SampleSite,2022,161,50.677276,-3.370504,0.619900494
SampleSite,2022,169,50.677276,-3.370504,0.605043686
SampleSite,2022,177,50.677276,-3.370504,0.571379021
SampleSite,2022,185,50.677276,-3.370504,0.591026903
SampleSite,2022,193,50.677276,-3.370504,0.607320773
SampleSite,2022,201,50.677276,-3.370504,0.57717137
SampleSite,2022,209,50.677276,-3.370504,0.532123036
SampleSite,2022,217,50.677276,-3.370504,0.497764953
SampleSite,2022,225,50.677276,-3.370504,0.477946277
SampleSite,2022,233,50.677276,-3.370504,0.472008021
SampleSite,2022,241,50.677276,-3.370504,0.475573221
SampleSite,2022,249,50.677276,-3.370504,0.468293747
SampleSite,2022,257,50.677276,-3.370504,0.436584615
SampleSite,2022,265,50.677276,-3.370504,0.517427396
SampleSite,2022,273,50.677276,-3.370504,0.496118182
SampleSite,2022,281,50.677276,-3.370504,0.424186878
SampleSite,2022,289,50.677276,-3.370504,0.358980913
SampleSite,2022,297,50.677276,-3.370504,0.387352777
SampleSite,2022,305,50.677276,-3.370504,0.498245167
SampleSite,2022,313,50.677276,-3.370504,0.509115261
SampleSite,2022,321,50.677276,-3.370504,0.35252789
SampleSite,2022,329,50.677276,-3.370504,0.274303612
SampleSite,2022,337,50.677276,-3.370504,0.279933221
SampleSite,2022,345,50.677276,-3.370504,0.310215689
SampleSite,2022,353,50.677276,-3.370504,0.2917113
SampleSite,2022,361,50.677276,-3.370504,0.302320835
